{
  "year": 474,
  "items": {
    "coins": 0,
    "Griffin Feather": 0,
    "Mythos Fragment": 0,
    "Crown of Greed": 0,
    "Washed-up Souvenir": 0,
    "Shimmering Wool": 0,
    "Shimmering Wool Ls": 0,
    "Manti-core": 0,
    "Manti-core Ls": 0,
    "Chimera": 0,
    "ChimeraLs": 0,
    "Brain Food": 0,
    "Brain Food LS": 0,
    "Fateful Stinger": 0,
    "Fateful Stinger Ls": 0,
    "Braided Griffin Feather": 0,
    "Daedalus Stick": 0,
    "CRETAN_URN": 0,
    "DWARF_TURTLE_SHELMET": 0,
    "ANTIQUE_REMEDIES": 0,
    "CROCHET_TIGER_PLUSHIE": 0,
    "ENCHANTED_ANCIENT_CLAW": 0,
    "ANCIENT_CLAW": 0,
    "MINOS_RELIC": 0,
    "ENCHANTED_GOLD": 0,
    "Hilt of Revelations": 0,
    "Total Burrows": 0,
    "scavengerCoins": 0,
    "fishCoins": 0,
    "time": 0,
    "KING_MINOS_SHARD": 0,
    "SPHINX_SHARD": 0,
    "MINOTAUR_SHARD": 0,
    "CRETAN_BULL_SHARD": 0,
    "HARPY_SHARD": 0,
    "MYTHOLOGICAL_DYE": 0,
    "MYTH_THE_FISH": 0
  },
  "mobs": {
    "King Minos": 0,
    "Manticore": 0,
    "Minos Inquisitor": 0,
    "Sphinx": 0,
    "Minos Champion": 0,
    "Minotaur": 0,
    "Gaia Construct": 0,
    "Harpy": 0,
    "Cretan Bull": 0,
    "Stranded Nymph": 0,
    "Siamese Lynxes": 0,
    "Minos Hunter": 0,
    "TotalMobs": 0,
    "Minos Inquisitor Ls": 0,
    "King Minos Ls": 0,
    "Manticore Ls": 0,
    "Sphinx Ls": 0
  }
}