{
  "achievements": {},
  "totalAchievements": {
    "38": 1,
    "56": 1,
    "57": 1,
    "39": 1,
    "6": 1,
    "52": 1,
    "53": 1,
    "54": 1,
    "55": 1,
    "40": 1,
    "14": 1,
    "23": 2,
    "12": 1,
    "73": 2,
    "34": 1,
    "24": 2,
    "16": 1,
    "13": 2,
    "18": 2,
    "1": 1,
    "29": 1,
    "85": 1,
    "116": 1,
    "115": 1,
    "112": 1,
    "121": 1,
    "122": 1,
    "123": 1,
    "50": 1,
    "45": 1,
    "46": 1,
    "47": 1,
    "48": 1,
    "49": 1
  },
  "currentEventAchievements": {},
  "lastEventYear": 474
}