{
  "effects": [],
  "resetVersion": "0.1.3",
  "changelogVersion": "1.0.0",
  "downloadMsg": false,
  "mobsSinceInq": 27,
  "inqsSinceChim": 4,
  "minotaursSinceStick": 1,
  "champsSinceRelic": 252,
  "inqsSinceLsChim": 6,
  "highestChimMagicFind": 0,
  "highestStickMagicFind": 461,
  "highestFoodMagicFind": 458,
  "highestWoolMagicFind": 0,
  "highestCoreMagicFind": 0,
  "highestStingerMagicFind": 0,
  "hideTrackerLines": [
    "WASHED_UP_SOUVENIR",
    "CRETAN_URN",
    "DWARF_TURTLE_SHELMET",
    "CROCHET_TIGER_PLUSHIE",
    "ANTIQUE_REMEDIES",
    "CRETAN_BULL_SHARD",
    "HARPY_SHARD",
    "HILT_OF_REVELATIONS",
    "ENCHANTED_GOLD",
    "MINOTAUR_SHARD",
    "SPHINX_SHARD",
    "ANCIENT_CLAW",
    "ENCHANTED_ANCIENT_CLAW",
    "KING_MINOS_SHARD"
  ],
  "partyBlacklist": [],
  "achievementFilter": "Locked",
  "lastKingDate": 59153247,
  "lastMantiDate": 61938327,
  "lastInqDate": 62171317,
  "lastSphinxDate": 61415016,
  "b2bStick": false,
  "b2bChim": false,
  "b2bChimLs": false,
  "b2bInq": false,
  "b2bChimLsInq": false,
  "sboKey": "sbod69dd9513cef4b679864f74f637f45ed",
  "b2bStreakCounter": {},
  "mobsSinceKing": 192,
  "b2bKing": false,
  "kingSinceWool": 13,
  "b2bWool": false,
  "kingSinceLsWool": 22,
  "b2bWoolLs": false,
  "mobsSinceManti": 36,
  "b2bManti": false,
  "mantiSinceCore": 28,
  "b2bCore": false,
  "mantiSinceLsCore": 18,
  "b2bCoreLs": false,
  "mantiSinceStinger": 28,
  "b2bStinger": false,
  "mantiSinceLsStinger": 18,
  "b2bStingerLs": false,
  "mobsSinceSphinx": 68,
  "b2bSphinx": false,
  "sphinxSinceFood": 7,
  "b2bFood": false,
  "sphinxSinceLsFood": 6,
  "b2bFoodLs": false
}